{"v":"5.4.2","fr":20,"ip":0,"op":30,"w":750,"h":450,"nm":"Comp 1","ddd":0,"assets":[],"layers":[{"ddd":0,"ind":1,"ty":3,"nm":"▽ hand","sr":1,"ks":{"o":{"a":0,"k":100,"ix":11},"r":{"a":1,"k":[{"i":{"x":[0.76],"y":[1]},"o":{"x":[0.24],"y":[0]},"n":["0p76_1_0p24_0"],"t":0,"s":[0],"e":[-9]},{"i":{"x":[0.76],"y":[1]},"o":{"x":[0.24],"y":[0]},"n":["0p76_1_0p24_0"],"t":5,"s":[-9],"e":[16]},{"i":{"x":[0.76],"y":[1]},"o":{"x":[0.24],"y":[0]},"n":["0p76_1_0p24_0"],"t":12,"s":[16],"e":[16]},{"i":{"x":[0.76],"y":[1]},"o":{"x":[0.24],"y":[0]},"n":["0p76_1_0p24_0"],"t":22,"s":[16],"e":[0]},{"t":29}],"ix":10},"p":{"a":1,"k":[{"i":{"x":0.69,"y":1},"o":{"x":0.31,"y":0},"n":"0p69_1_0p31_0","t":0,"s":[486,357,0],"e":[485,352,0],"to":[0,0,0],"ti":[0,0,0]},{"i":{"x":0.69,"y":1},"o":{"x":0.31,"y":0},"n":"0p69_1_0p31_0","t":4,"s":[485,352,0],"e":[505,211,0],"to":[0,0,0],"ti":[0,0,0]},{"i":{"x":0.69,"y":0.69},"o":{"x":0.31,"y":0.31},"n":"0p69_0p69_0p31_0p31","t":12,"s":[505,211,0],"e":[505,211,0],"to":[0,0,0],"ti":[0,0,0]},{"i":{"x":0.69,"y":1},"o":{"x":0.31,"y":0},"n":"0p69_1_0p31_0","t":24,"s":[505,211,0],"e":[486,357,0],"to":[0,0,0],"ti":[0,0,0]},{"t":29}],"ix":2},"a":{"a":0,"k":[96,73,0],"ix":1},"s":{"a":0,"k":[100,100,100],"ix":6}},"ao":0,"ip":0,"op":30,"st":0,"bm":0},{"ddd":0,"ind":2,"ty":4,"nm":"Path Copy","parent":1,"sr":1,"ks":{"o":{"a":0,"k":100,"ix":11},"r":{"a":0,"k":0,"ix":10},"p":{"a":0,"k":[98.5,20.5,0],"ix":2},"a":{"a":0,"k":[0,0,0],"ix":1},"s":{"a":0,"k":[100,100,100],"ix":6}},"ao":0,"shapes":[{"ty":"gr","it":[{"ind":0,"ty":"sh","ix":1,"ks":{"a":0,"k":{"i":[[6.75,3],[0,0],[-0.78,-5]],"o":[[0,0],[5.06,2],[-3.84,-3]],"v":[[-7.5,-4.5],[-2.75,-4.5],[7.5,4.5]],"c":true},"ix":2},"nm":"Path 1","mn":"ADBE Vector Shape - Group","hd":false},{"ty":"fl","c":{"a":0,"k":[1,1,1,1],"ix":4},"o":{"a":0,"k":60,"ix":5},"r":1,"nm":"Fill 1","mn":"ADBE Vector Graphic - Fill","hd":false},{"ty":"tr","p":{"a":0,"k":[0,0],"ix":2},"a":{"a":0,"k":[0,0],"ix":1},"s":{"a":0,"k":[100,100],"ix":3},"r":{"a":0,"k":0,"ix":6},"o":{"a":0,"k":100,"ix":7},"sk":{"a":0,"k":0,"ix":4},"sa":{"a":0,"k":0,"ix":5},"nm":"Transform"}],"nm":"Path Copy","np":2,"cix":2,"ix":1,"mn":"ADBE Vector Group","hd":false}],"ip":0,"op":30,"st":0,"bm":0},{"ddd":0,"ind":3,"ty":4,"nm":"line shizhi","parent":1,"sr":1,"ks":{"o":{"a":0,"k":100,"ix":11},"r":{"a":0,"k":0,"ix":10},"p":{"a":0,"k":[78,37.5,0],"ix":2},"a":{"a":0,"k":[0,0,0],"ix":1},"s":{"a":0,"k":[100,100,100],"ix":6}},"ao":0,"shapes":[{"ty":"gr","it":[{"ind":0,"ty":"sh","ix":1,"ks":{"a":0,"k":{"i":[[18,12],[0,0],[-4.74,-4.83],[-2,-4]],"o":[[0,0],[1.47,0],[5.89,6],[-3,-3]],"v":[[-16,-14.5],[-13,-16.5],[1.11,-4.5],[16,16.5]],"c":true},"ix":2},"nm":"Path 1","mn":"ADBE Vector Shape - Group","hd":false},{"ty":"fl","c":{"a":0,"k":[1,1,1,1],"ix":4},"o":{"a":0,"k":60,"ix":5},"r":1,"nm":"Fill 1","mn":"ADBE Vector Graphic - Fill","hd":false},{"ty":"tr","p":{"a":0,"k":[0,0],"ix":2},"a":{"a":0,"k":[0,0],"ix":1},"s":{"a":0,"k":[100,100],"ix":3},"r":{"a":0,"k":0,"ix":6},"o":{"a":0,"k":100,"ix":7},"sk":{"a":0,"k":0,"ix":4},"sa":{"a":0,"k":0,"ix":5},"nm":"Transform"}],"nm":"line shizhi","np":2,"cix":2,"ix":1,"mn":"ADBE Vector Group","hd":false}],"ip":0,"op":30,"st":0,"bm":0},{"ddd":0,"ind":4,"ty":4,"nm":"zhijia muzhi","parent":1,"sr":1,"ks":{"o":{"a":0,"k":100,"ix":11},"r":{"a":0,"k":0,"ix":10},"p":{"a":1,"k":[{"i":{"x":0.833,"y":0.833},"o":{"x":0.167,"y":0.167},"n":"0p833_0p833_0p167_0p167","t":9,"s":[33.071,73.5,0],"e":[37.876,70.302,0],"to":[0.80076235532761,-0.53303557634354,0],"ti":[-0.80076235532761,0.53303557634354,0]},{"i":{"x":0.833,"y":0.833},"o":{"x":0.167,"y":0.167},"n":"0p833_0p833_0p167_0p167","t":14,"s":[37.876,70.302,0],"e":[37.876,70.302,0],"to":[0,0,0],"ti":[0,0,0]},{"i":{"x":0.833,"y":0.833},"o":{"x":0.167,"y":0.167},"n":"0p833_0p833_0p167_0p167","t":23,"s":[37.876,70.302,0],"e":[33.071,73.5,0],"to":[-0.80076235532761,0.53303557634354,0],"ti":[0.80076235532761,-0.53303557634354,0]},{"t":27}],"ix":2},"a":{"a":0,"k":[0,0,0],"ix":1},"s":{"a":0,"k":[100,100,100],"ix":6}},"ao":0,"shapes":[{"ty":"gr","it":[{"ind":0,"ty":"sh","ix":1,"ks":{"a":0,"k":{"i":[[0,0],[-1,-2],[0,0],[0,4]],"o":[[0,0],[1,2],[0,0],[0,-4]],"v":[[-0.071,-7.5],[4.929,-1.5],[-0.071,7.5],[-5.071,-2.5]],"c":true},"ix":2},"nm":"Path 1","mn":"ADBE Vector Shape - Group","hd":false},{"ty":"fl","c":{"a":0,"k":[1,1,1,1],"ix":4},"o":{"a":0,"k":80,"ix":5},"r":1,"nm":"Fill 1","mn":"ADBE Vector Graphic - Fill","hd":false},{"ty":"tr","p":{"a":0,"k":[0,0],"ix":2},"a":{"a":0,"k":[0,0],"ix":1},"s":{"a":0,"k":[100,100],"ix":3},"r":{"a":0,"k":0,"ix":6},"o":{"a":0,"k":100,"ix":7},"sk":{"a":0,"k":0,"ix":4},"sa":{"a":0,"k":0,"ix":5},"nm":"Transform"}],"nm":"zhijia muzhi","np":2,"cix":2,"ix":1,"mn":"ADBE Vector Group","hd":false}],"ip":0,"op":30,"st":0,"bm":0},{"ddd":0,"ind":5,"ty":4,"nm":"zhijia shizhi","parent":1,"sr":1,"ks":{"o":{"a":0,"k":100,"ix":11},"r":{"a":1,"k":[{"i":{"x":[0.833],"y":[0.833]},"o":{"x":[0.167],"y":[0.167]},"n":["0p833_0p833_0p167_0p167"],"t":0,"s":[0],"e":[-7]},{"i":{"x":[0.833],"y":[0.833]},"o":{"x":[0.167],"y":[0.167]},"n":["0p833_0p833_0p167_0p167"],"t":9,"s":[-7],"e":[28]},{"i":{"x":[0.833],"y":[0.833]},"o":{"x":[0.167],"y":[0.167]},"n":["0p833_0p833_0p167_0p167"],"t":14,"s":[28],"e":[28]},{"i":{"x":[0.833],"y":[0.833]},"o":{"x":[0.167],"y":[0.167]},"n":["0p833_0p833_0p167_0p167"],"t":23,"s":[28],"e":[0]},{"t":27}],"ix":10},"p":{"a":1,"k":[{"i":{"x":0.833,"y":0.833},"o":{"x":0.167,"y":0.167},"n":"0p833_0p833_0p167_0p167","t":0,"s":[12.036,7.558,0],"e":[8.13,10.598,0],"to":[-0.65097630023956,0.50673997402191,0],"ti":[-0.85013163089752,2.77950119972229,0]},{"i":{"x":0.833,"y":0.833},"o":{"x":0.167,"y":0.167},"n":"0p833_0p833_0p167_0p167","t":9,"s":[8.13,10.598,0],"e":[17.137,-9.119,0],"to":[0.85013163089752,-2.77950119972229,0],"ti":[-1.50110793113708,3.28624105453491,0]},{"i":{"x":0.833,"y":0.833},"o":{"x":0.167,"y":0.167},"n":"0p833_0p833_0p167_0p167","t":14,"s":[17.137,-9.119,0],"e":[17.137,-9.119,0],"to":[0,0,0],"ti":[0,0,0]},{"i":{"x":0.833,"y":0.833},"o":{"x":0.167,"y":0.167},"n":"0p833_0p833_0p167_0p167","t":23,"s":[17.137,-9.119,0],"e":[12.036,7.558,0],"to":[-0.85013163089752,2.77950119972229,0],"ti":[0.85013163089752,-2.77950119972229,0]},{"t":27}],"ix":2},"a":{"a":0,"k":[0,0,0],"ix":1},"s":{"a":0,"k":[100,100,100],"ix":6}},"ao":0,"shapes":[{"ty":"gr","it":[{"ind":0,"ty":"sh","ix":1,"ks":{"a":0,"k":{"i":[[0,0],[4.11,-0.83],[-0.82,3.31],[-4.93,-0.83]],"o":[[0,0],[-4.11,0.82],[0.81,-3.3],[4.92,0.82]],"v":[[10.034,-1.158],[1.564,4.632],[-9.976,-1.158],[0.004,-4.458]],"c":true},"ix":2},"nm":"Path 1","mn":"ADBE Vector Shape - Group","hd":false},{"ty":"fl","c":{"a":0,"k":[1,1,1,1],"ix":4},"o":{"a":0,"k":80,"ix":5},"r":1,"nm":"Fill 1","mn":"ADBE Vector Graphic - Fill","hd":false},{"ty":"tr","p":{"a":0,"k":[0,0],"ix":2},"a":{"a":0,"k":[0,0],"ix":1},"s":{"a":0,"k":[100,100],"ix":3},"r":{"a":0,"k":0,"ix":6},"o":{"a":0,"k":100,"ix":7},"sk":{"a":0,"k":0,"ix":4},"sa":{"a":0,"k":0,"ix":5},"nm":"Transform"}],"nm":"zhijia shizhi","np":2,"cix":2,"ix":1,"mn":"ADBE Vector Group","hd":false}],"ip":0,"op":30,"st":0,"bm":0},{"ddd":0,"ind":6,"ty":4,"nm":"hand","parent":1,"sr":1,"ks":{"o":{"a":0,"k":100,"ix":11},"r":{"a":0,"k":0,"ix":10},"p":{"a":0,"k":[96.76,73.075,0],"ix":2},"a":{"a":0,"k":[0,0,0],"ix":1},"s":{"a":0,"k":[100,100,100],"ix":6}},"ao":0,"shapes":[{"ty":"gr","it":[{"ind":0,"ty":"sh","ix":1,"ks":{"a":1,"k":[{"i":{"x":0.833,"y":0.833},"o":{"x":0.167,"y":0.167},"n":"0p833_0p833_0p167_0p167","t":0,"s":[{"i":[[-2.91,3.39],[-8.55,-2],[-8,-11],[-23,-18],[5,-12],[12,2],[15.63,-2],[9.55,5.37],[-5.76,6.96],[-11.36,-9.57],[-6.04,-1.19],[11.79,10.11],[-4.6,11.18],[-21.32,-11.47],[-1.22,-0.72]],"o":[[6,-7],[8.55,2],[8,11],[23,18],[-5,12],[-12,-2],[-15.64,2],[-9.54,-5.37],[5.75,-6.96],[5.7,4.8],[-9.07,-22.97],[-19.54,-16.77],[4.6,-11.18],[1.32,0.71],[3.31,-1.99]],"v":[[-24.765,-59.072],[-2.275,-57.072],[33.235,-45.072],[74.235,7.928],[92.235,50.928],[55.235,70.928],[11.495,45.928],[-35.335,37.558],[-68.025,-5.072],[-40.575,4.498],[-22.965,13.488],[-54.255,-36.122],[-94.365,-67.012],[-37.905,-53.152],[-34.095,-51.002]],"c":true}],"e":[{"i":[[-2.91,3.39],[-8.55,-2],[-8,-11],[-23,-18],[5,-12],[12,2],[15.63,-2],[9.55,5.37],[-5.76,6.96],[-11.36,-9.57],[-6.04,-1.19],[12.972,8.54],[-3.667,11.52],[-22.283,-10.002],[-1.22,-0.72]],"o":[[6,-7],[8.55,2],[8,11],[23,18],[-5,12],[-12,-2],[-15.64,2],[-9.54,-5.37],[5.75,-6.96],[5.7,4.8],[-9.07,-22.97],[-21.055,-13.861],[4,-12.565],[1.367,0.614],[3.31,-1.99]],"v":[[-24.765,-59.072],[-2.275,-57.072],[33.235,-45.072],[74.235,7.928],[92.235,50.928],[55.235,70.928],[11.495,45.928],[-35.335,37.558],[-68.025,-5.072],[-40.575,4.499],[-22.965,13.488],[-54.255,-36.122],[-100.665,-60.796],[-43.102,-55.493],[-34.095,-51.002]],"c":true}]},{"i":{"x":0.833,"y":0.833},"o":{"x":0.167,"y":0.167},"n":"0p833_0p833_0p167_0p167","t":9,"s":[{"i":[[-2.91,3.39],[-8.55,-2],[-8,-11],[-23,-18],[5,-12],[12,2],[15.63,-2],[9.55,5.37],[-5.76,6.96],[-11.36,-9.57],[-6.04,-1.19],[12.972,8.54],[-3.667,11.52],[-22.283,-10.002],[-1.22,-0.72]],"o":[[6,-7],[8.55,2],[8,11],[23,18],[-5,12],[-12,-2],[-15.64,2],[-9.54,-5.37],[5.75,-6.96],[5.7,4.8],[-9.07,-22.97],[-21.055,-13.861],[4,-12.565],[1.367,0.614],[3.31,-1.99]],"v":[[-24.765,-59.072],[-2.275,-57.072],[33.235,-45.072],[74.235,7.928],[92.235,50.928],[55.235,70.928],[11.495,45.928],[-35.335,37.558],[-68.025,-5.072],[-40.575,4.499],[-22.965,13.488],[-54.255,-36.122],[-100.665,-60.796],[-43.102,-55.493],[-34.095,-51.002]],"c":true}],"e":[{"i":[[-2.91,3.39],[-8.55,-2],[-8,-11],[-23,-18],[5,-12],[12,2],[15.63,-2],[9.55,5.37],[-5.76,6.96],[-9.243,-10.246],[-6.04,-1.19],[12.263,9.482],[-4.227,11.316],[-22.447,-14.127],[-1.22,-0.72]],"o":[[6,-7],[8.55,2],[8,11],[23,18],[-5,12],[-12,-2],[-15.64,2],[-9.54,-5.37],[5.75,-6.96],[4.625,5.127],[-9.07,-22.97],[-20.146,-15.606],[4.36,-11.734],[1.268,0.798],[3.31,-1.99]],"v":[[-24.765,-59.072],[-2.275,-57.072],[33.235,-45.072],[74.235,7.928],[92.235,50.928],[55.235,70.928],[11.495,45.928],[-35.335,37.559],[-62.808,-8.648],[-40.575,4.499],[-22.965,13.488],[-54.255,-36.122],[-87.451,-86.485],[-39.984,-54.088],[-34.095,-51.002]],"c":true}]},{"i":{"x":0.833,"y":0.833},"o":{"x":0.167,"y":0.167},"n":"0p833_0p833_0p167_0p167","t":14,"s":[{"i":[[-2.91,3.39],[-8.55,-2],[-8,-11],[-23,-18],[5,-12],[12,2],[15.63,-2],[9.55,5.37],[-5.76,6.96],[-9.243,-10.246],[-6.04,-1.19],[12.263,9.482],[-4.227,11.316],[-22.447,-14.127],[-1.22,-0.72]],"o":[[6,-7],[8.55,2],[8,11],[23,18],[-5,12],[-12,-2],[-15.64,2],[-9.54,-5.37],[5.75,-6.96],[4.625,5.127],[-9.07,-22.97],[-20.146,-15.606],[4.36,-11.734],[1.268,0.798],[3.31,-1.99]],"v":[[-24.765,-59.072],[-2.275,-57.072],[33.235,-45.072],[74.235,7.928],[92.235,50.928],[55.235,70.928],[11.495,45.928],[-35.335,37.559],[-62.808,-8.648],[-40.575,4.499],[-22.965,13.488],[-54.255,-36.122],[-87.451,-86.485],[-39.984,-54.088],[-34.095,-51.002]],"c":true}],"e":[{"i":[[-2.91,3.39],[-8.55,-2],[-8,-11],[-23,-18],[5,-12],[12,2],[15.63,-2],[9.55,5.37],[-5.76,6.96],[-9.243,-10.246],[-6.04,-1.19],[12.263,9.482],[-4.227,11.316],[-22.447,-14.127],[-1.22,-0.72]],"o":[[6,-7],[8.55,2],[8,11],[23,18],[-5,12],[-12,-2],[-15.64,2],[-9.54,-5.37],[5.75,-6.96],[4.625,5.127],[-9.07,-22.97],[-20.146,-15.606],[4.36,-11.734],[1.268,0.798],[3.31,-1.99]],"v":[[-24.765,-59.072],[-2.275,-57.072],[33.235,-45.072],[74.235,7.928],[92.235,50.928],[55.235,70.928],[11.495,45.928],[-35.335,37.559],[-62.808,-8.648],[-40.575,4.499],[-22.965,13.488],[-54.255,-36.122],[-87.451,-86.485],[-39.984,-54.088],[-34.095,-51.002]],"c":true}]},{"i":{"x":0.833,"y":0.833},"o":{"x":0.167,"y":0.167},"n":"0p833_0p833_0p167_0p167","t":23,"s":[{"i":[[-2.91,3.39],[-8.55,-2],[-8,-11],[-23,-18],[5,-12],[12,2],[15.63,-2],[9.55,5.37],[-5.76,6.96],[-9.243,-10.246],[-6.04,-1.19],[12.263,9.482],[-4.227,11.316],[-22.447,-14.127],[-1.22,-0.72]],"o":[[6,-7],[8.55,2],[8,11],[23,18],[-5,12],[-12,-2],[-15.64,2],[-9.54,-5.37],[5.75,-6.96],[4.625,5.127],[-9.07,-22.97],[-20.146,-15.606],[4.36,-11.734],[1.268,0.798],[3.31,-1.99]],"v":[[-24.765,-59.072],[-2.275,-57.072],[33.235,-45.072],[74.235,7.928],[92.235,50.928],[55.235,70.928],[11.495,45.928],[-35.335,37.559],[-62.808,-8.648],[-40.575,4.499],[-22.965,13.488],[-54.255,-36.122],[-87.451,-86.485],[-39.984,-54.088],[-34.095,-51.002]],"c":true}],"e":[{"i":[[-2.91,3.39],[-8.55,-2],[-8,-11],[-23,-18],[5,-12],[12,2],[15.63,-2],[9.55,5.37],[-5.76,6.96],[-11.36,-9.57],[-6.04,-1.19],[11.79,10.11],[-4.6,11.18],[-21.32,-11.47],[-1.22,-0.72]],"o":[[6,-7],[8.55,2],[8,11],[23,18],[-5,12],[-12,-2],[-15.64,2],[-9.54,-5.37],[5.75,-6.96],[5.7,4.8],[-9.07,-22.97],[-19.54,-16.77],[4.6,-11.18],[1.32,0.71],[3.31,-1.99]],"v":[[-24.765,-59.072],[-2.275,-57.072],[33.235,-45.072],[74.235,7.928],[92.235,50.928],[55.235,70.928],[11.495,45.928],[-35.335,37.558],[-68.025,-5.072],[-40.575,4.498],[-22.965,13.488],[-54.255,-36.122],[-94.365,-67.012],[-37.905,-53.152],[-34.095,-51.002]],"c":true}]},{"t":27}],"ix":2},"nm":"Path 1","mn":"ADBE Vector Shape - Group","hd":false},{"ty":"st","c":{"a":0,"k":[1,1,1,1],"ix":3},"o":{"a":0,"k":40,"ix":4},"w":{"a":0,"k":2,"ix":5},"lc":1,"lj":1,"ml":4,"ml2":{"a":0,"k":4,"ix":8},"nm":"Stroke 1","mn":"ADBE Vector Graphic - Stroke","hd":false},{"ty":"gf","o":{"a":0,"k":100,"ix":10},"r":1,"g":{"p":3,"k":{"a":0,"k":[0,0.817,0.839,0.903,0.5,0.832,0.843,0.875,1,0.847,0.847,0.847,0,0.94,0.5,0.53,1,0.12],"ix":9}},"s":{"a":0,"k":[3.551,-34.752],"ix":5},"e":{"a":0,"k":[86.496,48.852],"ix":6},"t":1,"nm":"Gradient Fill 1","mn":"ADBE Vector Graphic - G-Fill","hd":false},{"ty":"tr","p":{"a":0,"k":[0,0],"ix":2},"a":{"a":0,"k":[0,0],"ix":1},"s":{"a":0,"k":[100,100],"ix":3},"r":{"a":0,"k":0,"ix":6},"o":{"a":0,"k":100,"ix":7},"sk":{"a":0,"k":0,"ix":4},"sa":{"a":0,"k":0,"ix":5},"nm":"Transform"}],"nm":"hand","np":3,"cix":2,"ix":1,"mn":"ADBE Vector Group","hd":false}],"ip":0,"op":30,"st":0,"bm":0},{"ddd":0,"ind":7,"ty":4,"nm":"Path 2","sr":1,"ks":{"o":{"a":1,"k":[{"i":{"x":[0.833],"y":[0.833]},"o":{"x":[0.167],"y":[0.167]},"n":["0p833_0p833_0p167_0p167"],"t":0,"s":[0],"e":[60]},{"i":{"x":[0.833],"y":[0.833]},"o":{"x":[0.167],"y":[0.167]},"n":["0p833_0p833_0p167_0p167"],"t":7,"s":[60],"e":[60]},{"i":{"x":[0.833],"y":[0.833]},"o":{"x":[0.167],"y":[0.167]},"n":["0p833_0p833_0p167_0p167"],"t":17,"s":[60],"e":[0]},{"t":23}],"ix":11},"r":{"a":0,"k":0,"ix":10},"p":{"a":1,"k":[{"i":{"x":0.76,"y":1},"o":{"x":0.24,"y":0},"n":"0p76_1_0p24_0","t":0,"s":[376,227,0],"e":[376,165,0],"to":[0,-10.3333330154419,0],"ti":[0,10.3333330154419,0]},{"i":{"x":0.76,"y":0.76},"o":{"x":0.24,"y":0.24},"n":"0p76_0p76_0p24_0p24","t":17,"s":[376,165,0],"e":[376,165,0],"to":[0,0,0],"ti":[0,0,0]},{"t":23}],"ix":2},"a":{"a":0,"k":[0,0,0],"ix":1},"s":{"a":0,"k":[100,100,100],"ix":6}},"ao":0,"shapes":[{"ty":"gr","it":[{"ind":0,"ty":"sh","ix":1,"ks":{"a":0,"k":{"i":[[0,0],[-2.58,4.11],[0,0],[-2.57,-4.11],[0,0],[4.49,1.6],[0,0],[0,0],[1.49,9.42],[0,0]],"o":[[-4.39,1.57],[0,0],[2.55,-4.06],[0,0],[2.54,4.06],[0,0],[0,0],[-1.49,9.41],[0,0],[0,0]],"v":[[-29.32,-94.61],[-32.77,-99.15],[-4.67,-143.94],[4.66,-143.94],[32.77,-99.15],[29.31,-94.61],[14.08,-100.04],[2.69,139.94],[-2.7,139.94],[-14.09,-100.04]],"c":true},"ix":2},"nm":"Path 1","mn":"ADBE Vector Shape - Group","hd":false},{"ty":"gf","o":{"a":0,"k":100,"ix":10},"r":1,"g":{"p":3,"k":{"a":0,"k":[0,1,1,1,0.5,1,1,1,1,1,1,1,0,0,0.5,0.5,1,1],"ix":9}},"s":{"a":0,"k":[0,147],"ix":5},"e":{"a":0,"k":[0,-147],"ix":6},"t":1,"nm":"Gradient Fill 1","mn":"ADBE Vector Graphic - G-Fill","hd":false},{"ty":"tr","p":{"a":0,"k":[0,0],"ix":2},"a":{"a":0,"k":[0,0],"ix":1},"s":{"a":0,"k":[100,100],"ix":3},"r":{"a":0,"k":0,"ix":6},"o":{"a":0,"k":100,"ix":7},"sk":{"a":0,"k":0,"ix":4},"sa":{"a":0,"k":0,"ix":5},"nm":"Transform"}],"nm":"Path","np":2,"cix":2,"ix":1,"mn":"ADBE Vector Group","hd":false}],"ip":0,"op":30,"st":0,"bm":0}],"markers":[]}